Cluster,Keyword,Page Type,Target URL,Notes
Turning Inserts,carbide turning inserts,Product page,/products/turning-inserts.html,Core product page
Turning Inserts,CNMG inserts supplier,SEO landing,/seo/cnmg-turning-inserts.html,High conversion product word
Turning Inserts,WNMG inserts supplier,SEO landing,/seo/wnmg-turning-inserts.html,High conversion product word
Milling Inserts,APKT milling inserts,SEO landing,/seo/apkt-apmt-milling-inserts.html,APKT/APMT buyer search
PCD,PCD inserts for aluminum,SEO landing,/seo/pcd-inserts-for-aluminum.html,Application + product intent
CBN,CBN inserts for hardened steel,SEO landing,/seo/cbn-inserts-for-hardened-steel.html,Application + product intent
End Mills,carbide end mills,Ad landing,/ads/carbide-end-mills-rfq.html,MOQ 1 pc can be highlighted
OEM,OEM carbide inserts,Ad landing,/ads/oem-carbide-inserts-rfq.html,Private label and model-list RFQ
Replacement,buy replacement carbide inserts by ISO code,Blog,/blog/buy-replacement-carbide-inserts-by-iso-code.html,Problem + buying intent
Quote,fast carbide tool quotation,Blog,/blog/fast-carbide-tool-quotation.html,RFQ education
